indiv,season,stage,length
BEMME_001,autumn,juvenile,12.9
BEMME_002,spring,juvenile,6.7
BEMME_003,spring,adult,23
BEMME_004,autumn,adult,25.5
BEMME_005,autumn,juvenile,10
BEMME_006,spring,juvenile,11.3
BEMME_008,spring,juvenile,10
BEMME_009,spring,juvenile,10.2
BEMME_010,autumn,juvenile,9.3
BEMME_011,spring,adult,21
BEMME_012,autumn,juvenile,7
BEMME_013,autumn,juvenile,5.2
BEMME_014,spring,adult,14.4
BEMME_015,spring,juvenile,8.3
BEMME_016,spring,juvenile,8.8
BEMME_017,spring,adult,16.5
BEMME_018,spring,juvenile,8.7
BEMME_019,autumn,juvenile,8.6
BEMME_021,spring,adult,15.1
BEMME_022,autumn,adult,22
BEMME_023,spring,adult,23.2
BEMME_036,autumn,juvenile,11.6
BEMME_037,spring,juvenile,9.7
BEMME_038,autumn,juvenile,7.2
BEMME_039,spring,juvenile,8.9
BEMME_041,autumn,juvenile,10.3
BEMME_042,autumn,adult,19.8
BEMME_043,spring,juvenile,8.6
BEMME_044,spring,adult,15.2
BEMME_045,autumn,adult,9.9
BEMME_046,autumn,adult,18.3
BEMME_047,spring,juvenile,9.6
BEMME_048,spring,adult,22.2
BEMME_049,spring,adult,23.9
BEMME_050,autumn,juvenile,7.9
BEMME_051,spring,juvenile,10.5
BEMME_052,autumn,juvenile,11.6
BEMME_053,autumn,juvenile,8.5
BEMME_054,autumn,adult,22.3
BEMME_055,spring,adult,30.3
BEMME_056,spring,adult,18.8
BEMME_057,spring,juvenile,8.7
BEMME_058,autumn,juvenile,9.7
BEMME_059,spring,adult,15.1
BEMME_060,autumn,adult,15
BEMME_061,spring,juvenile,13.2
BEMME_062,spring,adult,21.8
BEMME_063,autumn,adult,23
BEMME_064,spring,adult,16.7
BEMME_065,spring,adult,18.5
BEMME_066,spring,juvenile,14.7
BEMME_067,autumn,juvenile,8.7
BEMME_068,autumn,adult,20.9
BEMME_069,autumn,juvenile,8.2
BEMME_070,autumn,juvenile,10.2
BEMME_071,autumn,adult,23.7
BSGME_005,spring,juvenile,12.4
BSGME_006,autumn,juvenile,11.1
BSGME_007,autumn,adult,16.2
BSGME_008,autumn,adult,26.5
BSGME_009,autumn,juvenile,8.5
BSGME_010,spring,adult,17.5
BSGME_011,autumn,adult,10.9
BSGME_012,spring,adult,26.5
BSGME_014,spring,adult,21.3
BSGME_015,spring,juvenile,9.8
BSGME_016,autumn,adult,26.5
BSGME_017,spring,adult,15.6
BSGME_018,autumn,adult,14.7
BSGME_019,spring,juvenile,9.4
BSGME_020,spring,juvenile,7.7
BSGME_021,spring,adult,16
BSGME_022,autumn,adult,20.8
BSGME_023,autumn,adult,17.7
BSGME_024,spring,adult,13.5
BSGME_036,autumn,adult,26.1
BSGME_039,spring,juvenile,5.4
BSGME_040,autumn,adult,13.7
BSGME_041,spring,adult,18.9
BSGME_042,spring,juvenile,9.7
BSGME_043,spring,juvenile,8.2
BSGME_044,autumn,juvenile,10.9
BSGME_046,autumn,juvenile,9.3
BSGME_047,spring,adult,26.3
BSGME_048,autumn,juvenile,7.6
BSGME_050,autumn,juvenile,11.2
BSGME_051,autumn,adult,18
BSGME_052,spring,juvenile,11.7
BSGME_053,spring,juvenile,9
BSGME_054,autumn,adult,18.2
BSGME_055,autumn,juvenile,7.8
BSGME_056,autumn,adult,22.6
BSGME_057,spring,juvenile,9.7
BSGME_058,spring,adult,21.2
BSGME_059,autumn,adult,28.9
BSGME_060,autumn,juvenile,10.6
BSGME_061,spring,adult,17.4
BSGME_062,autumn,juvenile,7.8
BEXNH_001,spring,juvenile,9.8
BEXNH_002,spring,juvenile,8.2
BEXNH_004,autumn,juvenile,10
BEXNH_005,autumn,juvenile,5.2
BEXNH_006,autumn,adult,21.5
BEXNH_009,autumn,adult,14.5
BEXNH_010,spring,juvenile,10.3
BEXNH_011,autumn,adult,22.5
BEXNH_012,autumn,adult,26.4
BEXNH_013,spring,juvenile,11.6
BEXNH_014,spring,juvenile,13.8
BEXNH_015,autumn,adult,18.9
BEXNH_016,autumn,adult,29.2
BEXNH_017,spring,juvenile,12.6
BEXNH_018,spring,adult,18.3
BEXNH_019,spring,juvenile,10.8
BEXNH_022,spring,adult,21.9
BEXNH_023,autumn,juvenile,12.2
BEXNH_024,spring,adult,18.3
BEXNH_025,spring,juvenile,6.5
BEXNH_026,spring,juvenile,10.2
BEXNH_029,autumn,juvenile,11.6
BEXNH_030,spring,juvenile,8.7
BEXNH_031,spring,adult,21.7
BEXNH_032,autumn,adult,29.9
BEXNH_035,spring,adult,15.5
BEXNH_036,spring,juvenile,11.6
BEXNH_038,spring,juvenile,9.2
BEXNH_039,spring,juvenile,11.5
BEXNH_040,autumn,juvenile,9.4
BEXNH_041,spring,juvenile,11.3
BEXNH_042,spring,juvenile,9.8
BEXNH_044,autumn,juvenile,10
BEXNH_045,spring,juvenile,8
BEXNH_046,autumn,juvenile,7.2
BEXNH_047,autumn,adult,18.6
BEXNH_048,spring,adult,21.2
BEXNH_049,spring,adult,26.6
BEXNH_050,autumn,adult,26.2
BMYMA_001,autumn,adult,11.1
BMYMA_002,autumn,juvenile,8.7
BMYMA_003,autumn,adult,23.4
BMYMA_004,autumn,juvenile,10.6
BMYMA_005,autumn,juvenile,9.2
BMYMA_007,autumn,adult,27
BMYMA_008,spring,adult,25.5
BMYMA_009,autumn,juvenile,7.6
BMYMA_010,autumn,adult,24.7
BMYMA_011,spring,juvenile,10.3
BMYMA_012,autumn,adult,20
BMYMA_013,spring,juvenile,9.4
BMYMA_014,autumn,juvenile,9
BMYMA_015,autumn,adult,20.5
BMYMA_016,spring,juvenile,10.9
BMYMA_017,autumn,juvenile,11.4
BMYMA_018,autumn,adult,22.3
BMYMA_019,spring,adult,21.8
BMYMA_020,spring,juvenile,8.3
BMYMA_021,autumn,juvenile,13.5
BMYMA_022,autumn,juvenile,11.2
BMYMA_023,autumn,juvenile,7.5
BMYMA_024,spring,juvenile,8.3
BMYMA_026,spring,adult,17.8
BMYMA_027,autumn,adult,17
BMYMA_028,spring,adult,20.9
BMYMA_029,spring,juvenile,9.4
BMYMA_030,spring,adult,22.4
BMYMA_031,autumn,juvenile,7.6
BMYMA_032,autumn,adult,25.8
BMYMA_033,spring,adult,19.3
BMYMA_034,spring,juvenile,9.4
BMYMA_035,autumn,juvenile,8.8
BMYMA_036,autumn,juvenile,9.9
BMYMA_037,spring,juvenile,8.4
BMYMA_038,spring,juvenile,6.6
BMYMA_039,autumn,adult,19.7
BMYMA_040,autumn,juvenile,10.9
BMYMA_041,spring,juvenile,11.8
BMYMA_042,autumn,juvenile,9.6
BMYMA_043,spring,adult,27.2
BMYMA_044,autumn,juvenile,6
BMYMA_045,spring,adult,13.8
BMYMA_046,spring,adult,20.7
BMYMA_047,spring,adult,16.9
BMYMA_048,autumn,adult,18.5
BMYMA_049,spring,juvenile,7.5
BMYMA_050,autumn,juvenile,9.6
BMYMA_052,autumn,juvenile,13.8
BMYMA_053,autumn,adult,23.4
BMYMA_055,autumn,adult,30.3
BMYMA_056,spring,adult,24.4
BMYMA_057,autumn,adult,19.2
BMYMA_058,autumn,juvenile,8.6
BMYMA_059,autumn,adult,21.1
BMYMA_060,spring,juvenile,9.2
BMYMA_062,spring,adult,23
BMYMA_064,spring,juvenile,7.6
BMYMA_065,autumn,juvenile,11.2
BMYMA_066,spring,adult,22.1
BMYMA_067,spring,juvenile,11.5
BMYMA_068,spring,adult,21.3
BMYMA_069,spring,adult,18.1
BMTMA_001,spring,adult,11.9
BMTMA_003,spring,juvenile,10.1
BMTMA_004,spring,adult,19.2
BMTMA_005,spring,adult,20.3
BMTMA_006,spring,juvenile,8.3
BMTMA_007,spring,adult,19.7
BMTMA_008,autumn,adult,17
BMTMA_009,spring,adult,23
BMTMA_010,autumn,adult,20.6
BMTMA_011,autumn,adult,22.6
BMTMA_012,spring,adult,17.1
BMTMA_013,autumn,juvenile,13
BMTMA_014,spring,juvenile,12.5
BMTMA_015,spring,adult,25.9
BMTMA_016,autumn,adult,19.1
BMTMA_017,autumn,juvenile,9
BMTMA_018,spring,juvenile,10.6
BMTMA_019,autumn,juvenile,8.5
BMTMA_020,spring,adult,20.9
BMTMA_021,autumn,adult,25.7
BMTMA_022,autumn,juvenile,10
BMTMA_023,spring,adult,25.7
BMTMA_024,autumn,adult,23.7
BMTMA_025,autumn,juvenile,12.1
BMTMA_026,autumn,juvenile,7
BMTMA_027,spring,juvenile,8.2
BMTMA_028,spring,juvenile,9.2
BMTMA_029,autumn,juvenile,11.2
BMTMA_030,spring,adult,16.7
BMTMA_031,spring,adult,21.9
BMTMA_032,spring,adult,24.2
BMTMA_033,spring,juvenile,5.4
BMTMA_034,spring,adult,15.7
BMTMA_035,autumn,adult,19.2
BMTMA_036,spring,juvenile,12.1
BMTMA_037,spring,adult,19.1
BMTMA_038,spring,juvenile,4.9
BMTMA_039,spring,juvenile,11
BMTMA_040,spring,adult,22
BMTMA_041,autumn,adult,23.3
BMTMA_042,autumn,juvenile,11.3
BMTMA_043,spring,juvenile,12
BMTMA_044,autumn,adult,23.3
BMTMA_045,autumn,adult,23.4
BMTMA_046,spring,adult,16
BMTMA_047,spring,juvenile,10.7
BMTMA_048,autumn,adult,21.5
BMTMA_049,spring,adult,22.6
BMTMA_050,spring,juvenile,9.5
BGSRI_001,autumn,adult,16.3
BGSRI_002,autumn,adult,21.4
BGSRI_003,spring,adult,20.4
BGSRI_004,autumn,adult,25.4
BGSRI_005,spring,juvenile,11
BGSRI_006,autumn,adult,27
BGSRI_007,autumn,juvenile,4.6
BGSRI_008,autumn,juvenile,11.8
BGSRI_009,autumn,adult,23.7
BGSRI_010,spring,juvenile,10.3
BGSRI_011,spring,adult,22.4
BGSRI_012,autumn,juvenile,13.1
BGSRI_013,spring,juvenile,9.5
BGSRI_014,autumn,juvenile,12.5
BGSRI_015,autumn,juvenile,7.3
BGSRI_016,spring,adult,18.5
BGSRI_017,spring,adult,18.4
BGSRI_018,autumn,juvenile,8.9
BGSRI_019,autumn,adult,23.9
BGSRI_020,spring,adult,23.2
BGSRI_021,spring,adult,20.6
BGSRI_022,autumn,adult,16.8
BGSRI_023,spring,adult,21.5
BGSRI_024,autumn,juvenile,13.8
BGSRI_025,autumn,adult,13.1
BGSRI_026,autumn,juvenile,12.4
BGSRI_027,autumn,juvenile,9.3
BGSRI_028,autumn,juvenile,10
BGSRI_029,autumn,adult,19.6
BGSRI_030,autumn,juvenile,11.7
BGSRI_031,autumn,adult,24
BGSRI_032,autumn,adult,24.3
BGSRI_033,autumn,adult,22.2
BGSRI_034,autumn,adult,24.1
BGSRI_035,spring,juvenile,7.8
BGSRI_036,spring,juvenile,14
BGSRI_037,spring,adult,18
BGSRI_038,spring,juvenile,6.3
BCTCT_001,autumn,adult,12.1
BCTCT_002,spring,juvenile,10.4
BCTCT_003,autumn,juvenile,9.4
BCTCT_004,autumn,juvenile,11.5
BCTCT_005,spring,juvenile,11.6
BCTCT_006,autumn,juvenile,5.4
BCTCT_007,autumn,juvenile,8.7
BCTCT_008,spring,adult,20.2
BCTCT_009,spring,adult,21.1
BCTCT_010,autumn,adult,21.3
BCTCT_011,spring,adult,14.3
BCTCT_012,spring,adult,9.6
BCTCT_013,spring,juvenile,6.9
BCTCT_014,autumn,juvenile,9.9
BCTCT_015,spring,adult,10.5
BCTCT_016,spring,adult,20.9
BCTCT_017,spring,adult,23.3
BCTCT_018,autumn,juvenile,12.4
BCTCT_019,autumn,juvenile,9.3
BCTCT_020,autumn,juvenile,6.5
BCTCT_021,spring,adult,23.5
BCTCT_022,spring,juvenile,11
BCTCT_023,spring,juvenile,6.6
BCTCT_024,spring,juvenile,8.5
BCTCT_025,spring,adult,20.2
BCTCT_026,spring,adult,21.9
BCTCT_027,spring,adult,21.2
BCTCT_028,spring,adult,20.1
BCTCT_030,spring,adult,17
BCTCT_031,autumn,juvenile,10.2
BCTCT_032,autumn,adult,22
BCTCT_033,autumn,adult,15.4
BCTCT_034,spring,juvenile,10.2
BCTCT_035,autumn,adult,15.5
BCTCT_036,autumn,juvenile,7.7
BCTCT_037,spring,juvenile,11.6
BCTCT_038,spring,adult,11.9
BCTCT_039,spring,juvenile,10.7
BCTCT_040,autumn,adult,22.3
BCTCT_041,spring,juvenile,11.7
BCTCT_042,autumn,juvenile,11.7
BCTCT_043,autumn,juvenile,7.2
BCTCT_044,spring,adult,16.9
BCTCT_045,autumn,juvenile,11
BCTCT_046,autumn,adult,23.8
BCTCT_047,spring,adult,17
BCTEM0_071,autumn,juvenile,10.4
BCTEM0_072,autumn,juvenile,7.4
BCTEM0_073,spring,juvenile,6.2
BCTEM0_074,spring,adult,7.5
BCTEM0_075,spring,juvenile,9.2
BCTEM0_076,spring,adult,16.7
BCTEM0_077,spring,juvenile,10.3
BCTEM0_078,spring,juvenile,9
BCTEM0_079,spring,juvenile,8.5
BCTEM0_080,spring,juvenile,6.4
BCTEM0_081,autumn,juvenile,6.7
BCTEM0_082,autumn,adult,18.9
BCTEM0_083,spring,adult,16.5
BCTEM0_084,autumn,adult,19.1
BCTEM0_085,spring,adult,13.9
BCTEM0_086,autumn,juvenile,9.3
BCTEM0_087,spring,juvenile,10.4
BCTEM0_088,spring,adult,17.2
ACTCT_029,spring,juvenile,9.4
ACTCT_030,spring,juvenile,9.1
ACTCT_031,spring,juvenile,14.2
ACTCT_032,autumn,adult,21.7
ACTCT_033,spring,juvenile,10.3
BCTFR0_001,autumn,juvenile,13.6
BCTFR0_002,spring,juvenile,9.4
BCTFR0_003,spring,juvenile,8.8
BCTFR0_004,spring,juvenile,10.2
BCTFR0_005,autumn,juvenile,7.8
BCTFR0_006,autumn,juvenile,5.8
BCTFR0_007,autumn,juvenile,10.9
BCTFR0_008,autumn,adult,20.2
BCTFR0_009,autumn,juvenile,12.6
BCTFR0_010,autumn,juvenile,10.2
BCTFR0_011,autumn,adult,23.2
BCTEM9_030,autumn,adult,12.9
BCTEM9_031,spring,adult,14.9
BCTEM9_032,autumn,adult,19.7
BCTEM9_033,spring,juvenile,11.3
BCTEM9_034,autumn,juvenile,10.4
BCTEM9_035,autumn,adult,26.7
BCTEM9_036,spring,adult,14.6
BCTEM9_037,spring,adult,18.1
BCTEM9_039,autumn,adult,23.7
BCTEM9_042,spring,adult,24.9
BCTEM9_043,spring,juvenile,12.2
BCTEM9_044,spring,juvenile,11.6
BCTEM9_045,autumn,juvenile,10
BCTFR9_001,autumn,adult,26.4
BCTFR9_003,spring,juvenile,11.2
BCTFR9_005,autumn,juvenile,11.1
BCTFR9_006,spring,juvenile,7.5
BCTFR9_008,spring,juvenile,9.7
BCTFR9_009,autumn,juvenile,11.6
BCTFR9_011,autumn,juvenile,9.8
BCTFR9_015,spring,juvenile,11.2
BCTFR9_017,autumn,juvenile,1.7
BCTFR9_018,spring,adult,19.1
BCTFR9_019,autumn,juvenile,9.5
BCTFR9_020,autumn,adult,21.3
BCTFR9_022,spring,adult,13.5
BCTFR9_024,spring,juvenile,13.9
BCTFR9_025,autumn,juvenile,10.2
BCTFR9_026,spring,adult,21.5
BCTFR9_029,autumn,adult,24
BCTFR9_031,spring,juvenile,12.4
BCTFR9_033,autumn,adult,19.6
BCTFR9_034,autumn,adult,21.3
BCTFR9_035,autumn,adult,16.4
BCTFR9_036,autumn,juvenile,8.5
BCTFR9_038,autumn,juvenile,9.3
BCTFR9_039,autumn,juvenile,10.1
BCTFR9_040,spring,adult,30.1
BCTWC9_001,spring,adult,12.1
BCTWC9_002,spring,juvenile,7.6
BCTWC9_004,spring,juvenile,11.2
BCTWC9_005,spring,juvenile,9.1
BCTWC9_008,spring,adult,23.4
BCTWC9_009,spring,juvenile,10.4
BCTWC9_010,autumn,juvenile,13.6
BCTWC9_011,spring,adult,16.6
BCTWC9_012,spring,juvenile,11.2
BCTWC9_013,spring,juvenile,10.5
BCTWC9_014,autumn,juvenile,7.5
BCTWC9_016,spring,juvenile,12.8
BCTWC9_020,autumn,juvenile,12.1
BCTWC9_021,spring,adult,20.4
BCTWC9_022,autumn,juvenile,8.5
BCTWC9_023,spring,adult,11.5
BCTWC9_024,spring,juvenile,10.4
BCTWC9_025,spring,juvenile,11.4
BCTWC9_026,spring,juvenile,10.7
BCTWC9_028,spring,adult,16.9
BCTWC9_029,spring,juvenile,10.3
BCTWC9_030,spring,adult,18.8
BCTWC9_031,autumn,juvenile,9.9
BCTWC9_032,autumn,juvenile,10.6
AQR031,autumn,juvenile,7.8
AQR032,autumn,adult,25.4
AQR033,autumn,juvenile,8.8
AQR035,spring,adult,20.7
AQR036,autumn,adult,21.7
AQR037,spring,juvenile,9.8
AQR038,spring,juvenile,9.6
AQR040,spring,juvenile,13.1
AQR041,spring,juvenile,12.9
AQR042,spring,adult,22
AQR043,autumn,adult,22.3
AQR044,spring,juvenile,8.4
AQR045,autumn,adult,14.4
AQR046,spring,adult,12.1
AQR047,spring,adult,22.1
AQR048,spring,juvenile,7.8
AQR049,spring,adult,28.5
AQR050,spring,juvenile,11
AQR051,spring,juvenile,10.4
AQR052,spring,adult,13.6
AQR053,spring,adult,24.5
AQR054,autumn,adult,12.1
AQR055,autumn,adult,18.2
AQR056,spring,adult,18.6
AQR057,spring,adult,21.9
AQR058,spring,juvenile,11.1
AQR059,autumn,adult,26
AQR060,spring,juvenile,6.2
AQR061,autumn,adult,22.8
AQR939,autumn,adult,11.6
AQR940,spring,adult,10.6
AQR941,autumn,adult,14
AQR942,autumn,adult,17.4
AQR943,spring,adult,25.3
AQR945,spring,juvenile,6.2
AQR946,autumn,adult,20.5
AQR947,autumn,juvenile,11.3
AQR954,spring,juvenile,5.8
AQR956,spring,adult,21.4
AQR957,autumn,juvenile,12.3
AQR958,autumn,adult,21.9
AQR959,spring,adult,17.5
AQR961,autumn,adult,24.2
AQR962,autumn,juvenile,10.1
AQR968,spring,juvenile,10
AQR969,autumn,adult,12.4
AQR970,autumn,juvenile,12.4
AQR971,spring,adult,20.3
BHUNY_001,spring,adult,20.7
BHUNY_002,spring,adult,23.8
BHUNY_003,spring,adult,24.4
BHUNY_004,spring,adult,15.7
BHUNY_005,autumn,juvenile,11.7
BHUNY_006,spring,juvenile,10.1
BHUNY_007,spring,adult,29.4
BHUNY_009,autumn,adult,19
BHUNY_010,autumn,adult,20.2
BHUNY_011,autumn,juvenile,8.1
BHUNY_012,autumn,juvenile,10.6
BHUNY_013,autumn,adult,23.3
BHUNY_014,autumn,juvenile,11.7
BHUNY_015,spring,adult,23.9
BHUNY_016,spring,adult,22.8
BHUNY_017,autumn,juvenile,11.7
BHUNY_018,spring,juvenile,11.6
BHUNY_019,spring,juvenile,7.1
BHUNY_020,spring,adult,23.5
BHUNY_021,autumn,juvenile,10.4
BHUNY_022,autumn,juvenile,10.2
BHUNY_023,autumn,juvenile,9
BHUNY_024,spring,juvenile,9.5
BHUNY_025,spring,adult,18.6
BHUNY_026,spring,juvenile,10
BHUNY_027,autumn,juvenile,9.1
BHUNY_028,spring,juvenile,11.9
BHUNY_029,spring,juvenile,10.4
BHUNY_031,autumn,adult,19.9
BHUNY_032,spring,adult,24.3
BHUNY_033,spring,adult,18.4
BHUNY_034,autumn,juvenile,11.7
BHUNY_035,spring,juvenile,9.2
BHUNY_036,autumn,juvenile,9.9
BHUNY_037,autumn,juvenile,13.1
BHUNY_038,autumn,adult,20.7
BHUNY_039,autumn,adult,23.4
BHUNY_040,spring,adult,19.8
BHUNY_042,spring,juvenile,8.6
BHUNY_043,autumn,juvenile,11.3
BHUNY_044,spring,juvenile,9.6
BHUNY_045,autumn,juvenile,10.7
BHUNY_047,autumn,juvenile,12.6
BHUNY_048,spring,juvenile,10.7
BHUNY_049,autumn,juvenile,10.8
BHUNY_050,autumn,juvenile,12.3
BMONY_001,autumn,juvenile,11
BMONY_002,spring,juvenile,8.8
BMONY_003,spring,adult,22.8
BMONY_004,autumn,juvenile,13
BMONY_005,spring,adult,17
BMONY_006,spring,juvenile,9.8
BMONY_007,spring,adult,28.7
BMONY_008,autumn,juvenile,10.4
BMONY_009,autumn,juvenile,13.6
BMONY_010,spring,adult,15.8
BMONY_011,spring,adult,21.8
BMONY_012,spring,adult,24.1
BMONY_013,spring,juvenile,12.1
BMONY_015,autumn,adult,18.9
BMONY_020,spring,adult,23.3
BMONY_019,spring,juvenile,11.5
BMONY_021,autumn,juvenile,10.4
BMONY_023,spring,adult,19.5
BMONY_024,autumn,juvenile,7
BMONY_025,spring,juvenile,13.1
BMONY_026,spring,juvenile,11.1
BMONY_029,autumn,adult,22.2
BMONY_030,autumn,juvenile,11.1
BMONY_031,spring,adult,21
BMONY_032,spring,juvenile,10.7
BMONY_034,autumn,juvenile,13.2
BMONY_036,autumn,juvenile,7.8
BMONY_038,autumn,adult,15.3
BMONY_039,spring,juvenile,11.8
BMONY_040,spring,adult,20.8
BMONY_041,spring,adult,19.3
BDLNJ_001,autumn,juvenile,9.5
BDLNJ_002,spring,juvenile,9.5
BDLNJ_003,autumn,juvenile,8.5
BDLNJ_004,autumn,adult,19
BDLNJ_005,autumn,adult,27.4
BDLNJ_006,autumn,adult,18.2
BDLNJ_007,spring,adult,16.9
BDLNJ_008,spring,adult,19.9
BDLNJ_009,spring,juvenile,8
BDLNJ_010,autumn,juvenile,12.6
BDLNJ_011,spring,adult,23.9
BDLNJ_012,spring,juvenile,12.6
BDLNJ_013,autumn,adult,18
BDLNJ_014,spring,juvenile,11
BDLNJ_015,autumn,adult,19.8
BDLNJ_016,spring,juvenile,12
BDLNJ_017,autumn,juvenile,7.1
BDLNJ_018,autumn,juvenile,13.2
BDLNJ_019,spring,adult,27
BDLNJ_020,autumn,juvenile,12.6
BDLNJ_021,spring,adult,22.1
BDLNJ_022,spring,juvenile,11.6
BDLNJ_023,spring,adult,11.1
BDLNJ_024,spring,adult,12.4
BDLNJ_025,spring,adult,12.6
BDLNJ_026,spring,adult,10.4
BDLNJ_027,autumn,adult,21.1
BDLNJ_028,spring,adult,25.7
BDLNJ_029,spring,juvenile,14.2
BDLNJ_030,spring,juvenile,5.5
BDLNJ_031,spring,adult,21.9
BDLNJ_032,spring,adult,19.2
BDLNJ_033,autumn,adult,18.4
BDLNJ_034,spring,juvenile,10.1
BDLNJ_035,spring,juvenile,9.8
BDLNJ_036,autumn,juvenile,7.8
BDLNJ_038,autumn,juvenile,10.8
BDLNJ_039,autumn,juvenile,14.7
BDLNJ_040,spring,adult,24.8
BDLNJ_042,autumn,juvenile,11.3
BDLNJ_043,spring,adult,15.8
BDLNJ_044,spring,juvenile,10.1
BDLNJ_045,autumn,adult,14.3
BDLNJ_046,autumn,adult,19.1
BDLNJ_047,autumn,juvenile,12.8
BDLNJ_048,spring,juvenile,10.7
BDLNJ_050,autumn,juvenile,11.1
BDLNJ_052,spring,adult,23.3
BNNDE_001,autumn,juvenile,10.3
BNNDE_002,autumn,adult,16.3
BNNDE_003,spring,juvenile,10.5
BNNDE_004,autumn,juvenile,12.7
BNNDE_005,spring,juvenile,8.7
BNNDE_006,spring,juvenile,10.6
BNNDE_007,spring,juvenile,10
BNNDE_008,autumn,adult,20.7
BNNDE_009,spring,juvenile,11.3
BNNDE_010,autumn,adult,16.7
BNNDE_011,autumn,juvenile,11
BNNDE_012,autumn,adult,20.4
BNNDE_013,autumn,adult,20.6
BNNDE_014,spring,adult,11.9
BNNDE_015,spring,adult,22
BNNDE_016,spring,adult,14.6
BNNDE_017,spring,adult,20.1
BNNDE_018,autumn,juvenile,10.1
BNNDE_019,spring,adult,12.3
BNNDE_020,autumn,juvenile,10.3
BNNDE_021,autumn,adult,17.7
BNNDE_022,autumn,juvenile,9
BNNDE_024,spring,juvenile,13.4
BNNDE_025,spring,adult,20.4
BNNDE_026,spring,adult,16.9
BNNDE_027,spring,juvenile,13.1
BNNDE_028,spring,adult,18.9
BNNDE_029,spring,adult,18.8
BNNDE_030,spring,juvenile,9.8
BNNDE_031,autumn,juvenile,9.1
BNNDE_032,autumn,juvenile,8.7
BNNDE_033,autumn,juvenile,8.3
BNNDE_034,spring,adult,22.5
BNNDE_035,spring,adult,21.3
BNNDE_036,spring,adult,18.7
BNNDE_037,autumn,juvenile,11.3
BNNDE_038,autumn,adult,19.3
BNNDE_039,spring,juvenile,9.3
BNNDE_040,spring,adult,18.2
BNNDE_041,autumn,adult,17.3
BNNDE_042,spring,adult,17.9
BNNDE_043,spring,juvenile,10.8
BNNDE_044,spring,adult,20.9
BNNDE_045,spring,adult,11.2
BNNDE_046,autumn,juvenile,11.6
BNNDE_047,autumn,juvenile,11.4
BNNDE_048,autumn,juvenile,8.4
BNNDE_049,spring,juvenile,10.6
BNNDE_050,autumn,adult,19.2
BNNDE_051,spring,adult,12.6
BNNDE_052,spring,adult,22.3
BNNDE_053,autumn,adult,15.1
BNNDE_054,autumn,adult,15
BNNDE_055,autumn,adult,23.1
BNNDE_056,spring,juvenile,11.1
BNNDE_057,autumn,juvenile,7.9
BNNDE_058,autumn,juvenile,10.7
BRAVA_001,autumn,adult,17.2
BRAVA_002,autumn,juvenile,6.1
BRAVA_003,spring,juvenile,9.3
BRAVA_006,autumn,juvenile,8.6
BRAVA_007,spring,adult,21.8
BRAVA_010,autumn,juvenile,11.5
BRAVA_011,autumn,adult,23.7
BRAVA_012,spring,adult,19.2
BRAVA_013,spring,adult,20.9
BRAVA_014,spring,juvenile,10.8
BRAVA_015,spring,adult,20.1
BRAVA_016,autumn,adult,21.2
BRAVA_017,spring,adult,14.8
BRAVA_018,spring,juvenile,8.6
BRAVA_019,autumn,adult,15
BRAVA_020,autumn,juvenile,10.5
BRAVA_021,autumn,juvenile,9.9
BRAVA_022,spring,adult,17.8
BRAVA_023,spring,juvenile,12.5
BRAVA_024,autumn,juvenile,10.1
BRAVA_025,spring,juvenile,13
BRAVA_026,spring,adult,20.6
BRAVA_027,autumn,juvenile,10.3
BRAVA_028,spring,juvenile,9.2
BRAVA_029,spring,adult,24.4
BRAVA_030,autumn,adult,20.9
BRAVA_031,autumn,adult,20.6
BRAVA_032,spring,juvenile,11.9
BRAVA_033,spring,adult,10.5
BRAVA_034,spring,juvenile,8.2
BRAVA_035,autumn,adult,24.4
BRAVA_036,autumn,juvenile,8.9
BRAVA_037,autumn,adult,22.9
BRAVA_038,autumn,adult,16.1
BRAVA_039,spring,adult,23.9
BRAVA_040,autumn,juvenile,9.2
BRAVA_041,spring,juvenile,13.5
BRAVA_042,spring,adult,12.5
BRAVA_043,spring,adult,20.4
BRAVA_044,spring,juvenile,8.9
BRAVA_046,autumn,juvenile,12.2
BRAVA_047,spring,juvenile,9.7
BRAVA_048,autumn,adult,10
BRAVA_049,spring,juvenile,7.6
BRAVA_050,spring,adult,27.7
BRAVA_051,spring,juvenile,12
BRAVA_052,spring,adult,22.3
BRAVA_053,autumn,juvenile,11.1
BRAVA_054,autumn,adult,14.4
BRAVA_055,autumn,juvenile,9.1
BRAVA_056,spring,adult,18
BRAVA_057,autumn,adult,18.6
BRAVA_059,autumn,juvenile,9.4
BRAVA_060,spring,adult,14.2
BRAVA_061,spring,adult,16.4
BRAVA_062,autumn,juvenile,10.4
BRAVA_063,spring,adult,24.7
BRAVA_066,autumn,adult,13.4
BAPVA_001,autumn,juvenile,9.7
BAPVA_003,autumn,juvenile,12.3
BAPVA_004,autumn,juvenile,9.2
BAPVA_005,spring,adult,12.7
BAPVA_006,autumn,adult,18.1
BAPVA_007,spring,adult,15
BAPVA_010,autumn,adult,13.4
BAPVA_013,autumn,adult,17.3
BAPVA_014,autumn,juvenile,10.2
BAPVA_015,spring,adult,19.1
BAPVA_016,spring,juvenile,9.7
BAPVA_017,autumn,juvenile,11.4
BAPVA_018,spring,adult,21.3
BAPVA_019,spring,juvenile,10.7
BAPVA_020,autumn,adult,21.1
BAPVA_021,autumn,juvenile,11.1
BCMVA_001,autumn,juvenile,11.1
BCMVA_002,spring,juvenile,10.9
BCMVA_003,spring,juvenile,11
BCMVA_004,autumn,juvenile,10.9
BCMVA_005,autumn,adult,19.1
BCMVA_006,spring,juvenile,12
BCMVA_007,autumn,adult,18.3
BCMVA_008,autumn,adult,17.9
BCMVA_009,spring,juvenile,9.2
BCMVA_010,autumn,adult,17.4
BCMVA_011,autumn,juvenile,8.7
BCMVA_012,spring,juvenile,11.6
BCMVA_013,autumn,adult,17.8
BCMVA_014,autumn,adult,17.8
BCMVA_015,autumn,juvenile,13.2
BCMVA_016,autumn,juvenile,11.6
BCMVA_017,spring,adult,22.8
BCMVA_020,spring,adult,27.4
BCMVA_021,spring,adult,19.3
BCMVA_022,spring,juvenile,7.9
BCMVA_023,autumn,adult,24.6
BCMVA_024,autumn,juvenile,10.7
BCMVA_025,autumn,juvenile,8.5
BCMVA_026,autumn,juvenile,8.8
BCMVA_027,autumn,adult,20.1
BCMVA_028,spring,juvenile,9.6
BCMVA_029,spring,adult,12.5
BCMVA_030,spring,juvenile,9.9
BHCVA_001,autumn,adult,19.5
BHCVA_002,spring,adult,10.2
BHCVA_003,spring,juvenile,12.8
BHCVA_004,spring,adult,27.2
BHCVA_006,autumn,juvenile,7.2
BHCVA_007,spring,juvenile,11.2
BHCVA_008,spring,adult,29.4
BHCVA_009,spring,juvenile,10.4
BHCVA_010,spring,adult,19.5
BHCVA_011,autumn,adult,31.3
BHCVA_012,autumn,juvenile,11.7
BHCVA_013,autumn,adult,16.1
BHCVA_014,spring,juvenile,11.7
BHCVA_015,autumn,juvenile,5.2
BJAVA_001,autumn,adult,13.2
BJAVA_002,spring,juvenile,13.4
BJAVA_003,autumn,adult,25.1
BJAVA_004,autumn,adult,23.4
BJAVA_005,spring,juvenile,12.9
BJAVA_006,spring,juvenile,12.5
BJAVA_007,autumn,adult,20.3
BJAVA_008,autumn,adult,15.6
BJAVA_009,spring,adult,17.1
BJAVA_010,spring,adult,29
BJAVA_013,autumn,adult,17.3
BJAVA_014,spring,juvenile,10.6
BJAVA_015,autumn,adult,28
BJAVA_016,spring,juvenile,10.8
BJAVA_018,autumn,juvenile,12
BJAVA_019,spring,adult,25.2
BJAVA_020,spring,juvenile,10
BJAVA_021,autumn,juvenile,10.7
BJAVA_022,autumn,juvenile,10.1
BJAVA_023,spring,adult,20.7
BJAVA_024,spring,juvenile,9.9
BJAVA_025,spring,juvenile,12.9
BJAVA_026,spring,juvenile,9.1
BJAVA_027,spring,adult,21.1
BJAVA_028,spring,adult,11.7
BJAVA_029,autumn,adult,22.7
BJAVA_030,autumn,juvenile,10.7
BJAVA_031,autumn,adult,25.7
BJAVA_033,autumn,juvenile,7.8
BJAVA_034,spring,adult,19.1
BJAVA_035,autumn,adult,17.8
BJAVA_036,spring,adult,13.8
BJAVA_037,spring,juvenile,11.3
BJAVA_038,spring,adult,24.2
BJAVA_039,autumn,juvenile,8.6
BJAVA_040,spring,juvenile,8.9
BJAVA_041,spring,juvenile,10.8
BCHNC_001,autumn,juvenile,10.2
BCHNC_002,autumn,juvenile,11.8
BCHNC_003,autumn,juvenile,9.8
BCHNC_004,autumn,juvenile,11.4
BCHNC_005,spring,juvenile,11.2
BCHNC_006,autumn,adult,20.2
BCHNC_007,autumn,juvenile,9
BCHNC_008,autumn,adult,12.2
BCHNC_009,autumn,juvenile,13.2
BCHNC_010,spring,juvenile,11.8
BCHNC_011,autumn,juvenile,10.3
BCHNC_012,spring,juvenile,12.1
BCCNC_001,spring,juvenile,10
BCCNC_003,autumn,adult,21
BCCNC_004,spring,adult,17
BCCNC_005,autumn,adult,23.6
BCCNC_006,spring,adult,21.6
BCCNC_007,autumn,adult,15
BCCNC_010,autumn,juvenile,8
BCCNC_011,spring,adult,19
BCCNC_012,spring,adult,19.8
BCCNC_013,autumn,juvenile,12.5
BCCNC_017,spring,adult,20.8
BCCNC_018,autumn,juvenile,11.3
BCCNC_020,autumn,juvenile,8.8
BCCNC_021,autumn,adult,18.9
BCCNC_022,autumn,adult,15.9
BCCNC_023,spring,juvenile,7.3
BCCNC_024,autumn,adult,18
BCCNC_026,autumn,adult,17
BCHNC_013,spring,juvenile,9.9
BCHNC_014,spring,adult,17.3
BCHNC_015,autumn,adult,22.6
BCHNC_016,autumn,adult,24.6
BCHNC_017,spring,juvenile,9.1
BCHNC_018,spring,adult,22.4
BCHNC_019,spring,adult,13.8
BCHNC_020,autumn,juvenile,10.3
BCHNC_021,autumn,juvenile,7.8
BCHNC_022,spring,juvenile,10.2
BCHNC_023,autumn,adult,24.9
BCHNC_024,autumn,adult,16.3
BCHNC_025,autumn,juvenile,10.3
BCHNC_026,spring,adult,20.4
BCHNC_028,autumn,adult,22
BCHNC_029,autumn,juvenile,10.1
BCHNC_030,autumn,adult,19.4
BCHNC_031,spring,juvenile,6.9
BCHNC_032,spring,juvenile,10.1
BCHNC_033,autumn,adult,12.6
BCHNC_034,autumn,juvenile,11.3
BCHNC_035,autumn,adult,19.1
BCHNC_036,autumn,juvenile,9.2
BCHNC_037,autumn,juvenile,7.1
BCHNC_038,spring,juvenile,9.8
BCHNC_039,spring,juvenile,8.7
BCHNC_040,spring,adult,22.2
BCHNC_041,spring,adult,25.2
BCHNC_042,spring,adult,19.5
BCHNC_043,autumn,juvenile,10.6
BCHNC_044,autumn,adult,20.9
BCHNC_045,spring,adult,22.9
BCHNC_046,autumn,juvenile,12.7
BCHNC_047,autumn,juvenile,9.8
BCHNC_048,autumn,juvenile,7.2
BCHNC_049,spring,juvenile,10.2
BCHNC_050,autumn,adult,22.9
BCHNC_051,autumn,juvenile,8.5
BRKNC_001,autumn,juvenile,10.9
BRKNC_002,autumn,adult,24.5
BRKNC_003,spring,adult,21.1
BRKNC_004,spring,juvenile,10.3
BRKNC_005,autumn,adult,18.5
BRKNC_006,autumn,juvenile,10.5
BRKNC_007,spring,juvenile,10.3
BRKNC_008,autumn,juvenile,9.5
BRKNC_009,autumn,juvenile,11.5
BRKNC_010,spring,juvenile,12.1
BRKNC_011,autumn,juvenile,10.5
BRKNC_012,spring,adult,25.1
BRKNC_013,autumn,adult,17.2
BRKNC_014,spring,juvenile,9.6
BRKNC_015,spring,juvenile,10.3
BRKNC_016,spring,adult,16.1
BRKNC_017,spring,adult,21.8
BRKNC_018,spring,adult,22.7
BRKNC_019,spring,juvenile,6.4
BRKNC_020,spring,juvenile,11.6
BRKNC_021,spring,juvenile,12.1
BRKNC_022,spring,juvenile,6.9
BRKNC_023,spring,juvenile,8.7
BRKNC_024,autumn,adult,9.8
BRKNC_025,spring,adult,20.3
BRKNC_026,spring,adult,21.2
BRKNC_027,spring,adult,13.9
BRKNC_028,autumn,adult,17.7
BRKNC_029,spring,adult,23.1
BRKNC_030,autumn,adult,20.1
BRKNC_031,autumn,adult,20.7
BRKNC_032,autumn,adult,21.9
BRKNC_033,spring,adult,22.4
BRKNC_034,spring,adult,19.7
BRKNC_035,autumn,juvenile,7.3
BRKNC_036,spring,juvenile,10.8
BRKNC_037,autumn,adult,14.2
BRKNC_038,spring,adult,22.7
BRKNC_039,autumn,adult,18.3
BRKNC_040,autumn,juvenile,8.7
BRKNC_041,spring,juvenile,10
BRKNC_042,spring,juvenile,11.1
BRKNC_043,spring,juvenile,4.8
BRKNC_044,autumn,juvenile,13.6
BRKNC_045,autumn,juvenile,12.6
BRKNC_046,autumn,adult,10.4
BRKNC_047,autumn,adult,21
BRKNC_048,autumn,juvenile,13
BRKNC_049,spring,adult,16.2
BRKNC_050,spring,adult,23
BCRNC_001,autumn,juvenile,8
BCRNC_002,spring,juvenile,10.4
BCRNC_003,spring,adult,15.8
BCRNC_004,spring,adult,17.3
BCRNC_005,spring,adult,31.6
BCRNC_006,autumn,adult,21.8
BCRNC_007,autumn,juvenile,8.6
BCRNC_008,spring,adult,18.6
BCRNC_009,spring,adult,21.9
BCRNC_010,spring,juvenile,10.6
BCRNC_011,spring,adult,24.4
BCRNC_012,autumn,juvenile,9.7
BCRNC_013,spring,adult,24.7
BKRNC_001,spring,adult,22.4
BKRNC_002,spring,adult,17.5
BKRNC_003,autumn,adult,5.9
BKRNC_004,spring,juvenile,12.7
BKRNC_005,autumn,adult,20
BKRNC_006,autumn,adult,29.7
BKRNC_007,spring,adult,18.1
BKRNC_008,autumn,adult,17.9
BKRNC_009,autumn,adult,16.6
BKRNC_010,autumn,adult,15.3
BKRNC_011,autumn,juvenile,13.5
BKRNC_012,autumn,juvenile,9.5
BKRNC_013,autumn,adult,12.9
BKRNC_015,spring,adult,17.7
BVCNC_001,autumn,adult,14.4
BVCNC_002,spring,adult,21.6
BVCNC_003,spring,adult,15.1
BVCNC_004,autumn,adult,18.9
BVCNC_005,spring,adult,16.5
BVCNC_006,autumn,juvenile,15.2
BVCNC_007,spring,adult,21
BVCNC_008,spring,juvenile,8.8
BVCNC_009,spring,juvenile,10.8
BVCNC_010,autumn,juvenile,14.9
BVCNC_011,spring,juvenile,9.7
BVCNC_012,autumn,juvenile,10.5
BVCNC_013,spring,adult,20
BVCNC_014,spring,adult,18.1
BVCNC_015,autumn,juvenile,7.5
BVCNC_016,spring,juvenile,6.3
BVCNC_017,spring,adult,24.2
BVCNC_018,spring,juvenile,12.7
BVCNC_019,autumn,adult,14.8
BVCNC_020,autumn,juvenile,7.8
BVCNC_021,spring,adult,14.5
BVCNC_022,spring,juvenile,7.7
BVCNC_023,autumn,juvenile,12.2
BVCNC_024,autumn,adult,20.5
BVCNC_025,spring,juvenile,11.9
BVCNC_026,spring,adult,23.7
BVCNC_027,spring,adult,23.8
BVCNC_028,spring,adult,16.6
BVCNC_029,autumn,adult,22.6
BVCNC_030,spring,juvenile,9.2
BVCNC_031,autumn,adult,18.9
BVCNC_032,autumn,adult,24.3
BVCNC_033,autumn,adult,18
BVCNC_034,spring,juvenile,6.4
BVCNC_035,spring,adult,15.8
BVCNC_036,spring,juvenile,10
BVCNC_037,spring,adult,17.8
BVCNC_038,spring,juvenile,7.1
BRCNC_001,spring,juvenile,8.6
BRCNC_002,autumn,adult,16.4
BRCNC_003,spring,adult,19.3
BRCNC_004,spring,adult,18.4
BRCNC_005,spring,adult,16.6
BRCNC_006,spring,adult,16
BRCNC_007,spring,juvenile,7.6
BRCNC_008,spring,juvenile,9.5
BRCNC_009,autumn,adult,17.6
BRCNC_010,autumn,juvenile,9.5
BRCNC_011,autumn,adult,18.9
BRCNC_012,spring,adult,15.6
BRCNC_013,autumn,juvenile,8.5
BRCNC_014,spring,juvenile,9
BRCNC_015,spring,juvenile,7.4
BRCNC_016,autumn,juvenile,6.5
BRCNC_017,autumn,juvenile,8.2
BRCNC_018,spring,juvenile,8.5
BRCNC_019,autumn,adult,18.6
BRCNC_020,autumn,juvenile,13.2
BRCNC_021,spring,adult,16.7
BRCNC_022,autumn,adult,19.9
BRCNC_023,spring,adult,14.5
BRCNC_024,spring,juvenile,7.9
BRCNC_025,autumn,adult,16
BRCNC_026,autumn,adult,18.6
BRCNC_027,spring,juvenile,9.1
BRCNC_029,autumn,adult,25.8
BRCNC_030,autumn,adult,16.6
BTCNC_001,spring,adult,21.5
BTCNC_002,autumn,adult,24.3
BTCNC_003,spring,juvenile,7.3
BTCNC_004,autumn,adult,17.3
BTCNC_005,autumn,juvenile,10.7
BTCNC_006,spring,adult,16.7
BTCNC_007,spring,adult,24.1
BTCNC_008,autumn,adult,24.6
BTCNC_009,autumn,juvenile,11.8
BTCNC_010,autumn,adult,24.2
BTCNC_011,spring,juvenile,9.9
BTCNC_012,autumn,adult,25.1
BTCNC_013,autumn,juvenile,13.2
BTCNC_014,spring,juvenile,12
BTCNC_015,autumn,adult,25.4
BTCNC_017,spring,juvenile,11
BTCNC_018,spring,juvenile,11.5
BTCNC_019,spring,juvenile,10.4
BTCNC_020,autumn,adult,15.7
BTCNC_021,autumn,adult,16.7
BTCNC_023,spring,adult,18.4
BTCNC_024,spring,juvenile,8.5
BTCNC_025,spring,adult,16.6
BTCNC_026,autumn,adult,21.1
BTCNC_027,autumn,adult,22.5
BTCNC_028,autumn,juvenile,12.5
BTCNC_029,spring,adult,23.6
BTCNC_030,autumn,juvenile,14.1
BSTSC_001,spring,adult,14.5
BSTSC_002,spring,juvenile,10.5
BSTSC_003,spring,adult,22.1
BSTSC_005,spring,juvenile,9.9
BSTSC_006,spring,adult,25.4
BSTSC_007,autumn,juvenile,10.5
BSTSC_009,autumn,adult,11.6
BSTSC_010,autumn,adult,18.5
BSTSC_011,autumn,adult,20.1
BSTSC_012,autumn,adult,21.7
BSTSC_013,spring,adult,15.2
BSTSC_014,autumn,juvenile,11
BSTSC_015,autumn,adult,22.2
BSTSC_016,autumn,adult,23.6
BSTSC_017,spring,juvenile,7.6
BSTSC_018,spring,adult,17.6
BSTSC_019,spring,adult,17.5
BSTSC_020,spring,adult,20.1
BSTSC_022,spring,adult,25.9
BSTSC_023,autumn,adult,22.3
BSTSC_024,autumn,adult,18.8
BSTSC_025,spring,juvenile,10.7
BSTSC_026,spring,juvenile,10.7
BSTSC_029,autumn,adult,17.8
BSTSC_030,autumn,adult,20.9
BSTSC_032,autumn,juvenile,9.4
BSTSC_033,autumn,adult,18.3
BSTSC_034,spring,adult,17.8
BSTSC_035,autumn,juvenile,11.2
BSTSC_036,autumn,adult,19.5
BSTSC_037,autumn,juvenile,10.1
BSTSC_038,spring,adult,23.3
BSTSC_039,autumn,juvenile,6.5
BSTSC_040,autumn,adult,27.2
BSTSC_041,autumn,adult,20.2
BSTSC_042,spring,adult,23.6
BSTSC_043,autumn,juvenile,10.7
BSTSC_044,autumn,juvenile,10
BSTSC_045,autumn,adult,13.5
BSTSC_046,autumn,juvenile,14.3
BSTSC_047,spring,juvenile,10.1
BSTSC_048,spring,juvenile,11
BSTSC_050,spring,juvenile,10.2
BSTSC_051,spring,juvenile,10
BSTSC_052,autumn,juvenile,11.5
BSTSC_053,spring,adult,20.6
BSTSC_054,autumn,juvenile,9.5
BSTSC_055,autumn,adult,18
BSTSC_056,autumn,adult,16.9
BSTSC_057,autumn,adult,10.8
BSTSC_058,autumn,adult,27.1
BSTSC_059,spring,adult,17.6
BSTSC_060,autumn,juvenile,9
BSTSC_061,autumn,juvenile,11.9
BSTSC_062,spring,juvenile,9
BSTSC_063,spring,juvenile,10.4
BSTSC_064,autumn,juvenile,8.2
BSTSC_065,spring,juvenile,8.4
BSTSC_066,spring,juvenile,10.1
BSTSC_067,autumn,juvenile,12.2
BSTSC_068,spring,juvenile,14
BSVGA_001,spring,adult,25
BSVGA_003,spring,juvenile,9.8
BSVGA_004,spring,adult,21.3
BSVGA_006,spring,juvenile,10.2
BSVGA_007,spring,juvenile,15.2
BSVGA_010,autumn,juvenile,11.7
BSVGA_011,autumn,juvenile,11.3
BSVGA_013,spring,adult,24.4
BSVGA_014,autumn,adult,18.4
BSVGA_015,spring,adult,25
BSVGA_016,spring,juvenile,10.7
BSVGA_017,spring,adult,13.4
BSVGA_019,spring,juvenile,10.8
BSVGA_021,spring,adult,28.1
BSVGA_022,spring,juvenile,10.3
BSVGA_023,spring,adult,20.2
BSVGA_024,spring,juvenile,8.9
BSVGA_025,autumn,juvenile,10.7
BSVGA_026,spring,adult,18.6
BSVGA_027,autumn,adult,24.9
BSVGA_028,autumn,juvenile,12.6
BSVGA_029,spring,juvenile,9.1
BSVGA_030,autumn,juvenile,12.4
BSVGA_031,spring,adult,21.8
BSVGA_032,autumn,juvenile,10.7
BSVGA_033,spring,juvenile,11.5
BSVGA_034,spring,adult,28.3
BSVGA_035,spring,juvenile,10.4
BSVGA_036,autumn,adult,18.2
BSVGA_037,spring,adult,23.3
BSVGA_039,spring,adult,11.3
BSVGA_040,autumn,juvenile,9.9
BSVGA_041,spring,adult,27.2
BSVGA_042,autumn,adult,18.8
BSVGA_043,spring,juvenile,11.1
BSVGA_044,spring,juvenile,9.4
BSVGA_045,autumn,adult,22.3
BSVGA_046,spring,juvenile,10.5
BSVGA_047,spring,adult,15.4
BSVGA_048,autumn,adult,18.4
BSVGA_049,spring,juvenile,11.1
BSVGA_050,spring,juvenile,9.1
BSVGA_051,autumn,adult,18.8
BSVGA_052,autumn,juvenile,11.8
BSVGA_053,spring,juvenile,11.1
BSVGA_054,autumn,juvenile,11.2
BSVGA_055,autumn,adult,17.7
BSVGA_056,autumn,adult,16.7
BSVGA_057,spring,juvenile,11.8
BSVGA_058,autumn,juvenile,8
BSVGA_060,spring,adult,17.2
BALGA_001,spring,juvenile,9.5
BALGA_002,autumn,adult,18.9
BALGA_003,spring,juvenile,10.6
BALGA_005,spring,adult,16.6
BALGA_006,autumn,adult,28.5
BALGA_007,spring,adult,16.7
BALGA_008,spring,adult,17
BALGA_009,autumn,juvenile,10.6
BALGA_011,spring,adult,17.8
BALGA_012,spring,adult,15.2
BALGA_013,spring,adult,17.7
BALGA_014,autumn,adult,21.2
BALGA_015,spring,juvenile,9.6
BALGA_016,spring,adult,21
BALGA_017,autumn,adult,14.3
BALGA_018,spring,juvenile,8.9
BALGA_019,autumn,adult,26.5
BALGA_020,autumn,juvenile,11.3
BALGA_021,autumn,adult,18
BALGA_022,autumn,juvenile,9.1
BALGA_023,spring,juvenile,8.7
BALGA_024,spring,adult,23.9
BALGA_025,autumn,juvenile,10.7
BALGA_026,autumn,juvenile,10.3
BALGA_027,autumn,adult,24.7
BALGA_028,autumn,adult,18.1
BALGA_029,spring,juvenile,13.2
BALGA_030,spring,juvenile,11.3
BALGA_031,spring,adult,20.1
BALGA_032,spring,juvenile,12.2
BALGA_033,spring,adult,23.3
BALGA_034,spring,adult,19.8
BALGA_035,autumn,juvenile,11.4
BALGA_036,autumn,adult,28.2
BALGA_037,autumn,adult,12.9
BALGA_038,spring,adult,19.1
BALGA_039,autumn,adult,15.5
BALGA_040,spring,juvenile,8.1
BALGA_041,autumn,adult,25.7
BALGA_042,spring,juvenile,7.4
BALGA_043,autumn,adult,12.8
BALGA_044,spring,adult,21.4
BALGA_045,spring,adult,21.4
BALGA_046,spring,juvenile,10.9
BALGA_047,spring,juvenile,12.2
BALGA_048,spring,adult,19.7
BALGA_049,spring,juvenile,8.8
BALGA_050,spring,juvenile,4.7
BALGA_051,autumn,adult,20.3
BALGA_052,spring,adult,20.6
BALGA_053,spring,juvenile,6
BALGA_054,spring,adult,18
BSJFL_047,spring,adult,17.2
BSJFL_048,autumn,juvenile,8.7
BSJFL_049,spring,juvenile,7.8
BSJFL_050,autumn,juvenile,15.2
BSJFL_051,spring,adult,6.7
BSJFL_052,spring,adult,25.1
BSJFL_053,spring,adult,20.1
BSJFL_055,spring,adult,23.2
BSJFL_056,spring,adult,18.7
BSJFL_057,spring,juvenile,11.6
BSJFL_058,autumn,adult,19.1
BSJFL_059,spring,adult,16.2
BSJFL_060,spring,adult,19.8
BSJFL_061,autumn,juvenile,7.5
BSJFL_062,autumn,adult,16.4
BSJFL_063,autumn,juvenile,4.3
BSJFL_064,spring,juvenile,8.2
BSJFL_065,autumn,juvenile,13.1
BSJFL_068,autumn,adult,20.2
BSJFL_069,autumn,juvenile,10.6
BSJFL_070,spring,juvenile,11.6
BSJFL_071,spring,juvenile,8.8
BSJFL_072,spring,juvenile,11.3
BSJFL_073,autumn,adult,18.8
BSJFL_074,autumn,juvenile,10.7
BSJFL_075,spring,juvenile,10.1
BSJFL_077,autumn,adult,20.1
BSJFL_078,autumn,adult,13.5
BSJFL_079,spring,adult,27.7
BSJFL_080,spring,adult,19
BSJFL_081,autumn,juvenile,10.2
BSJFL_084,autumn,juvenile,10.4
BSJFL_085,autumn,adult,17.7
BSJFL_087,spring,juvenile,13
BSJFL_088,spring,juvenile,8.9
BSJFL_089,autumn,adult,21.7
